,Supplier_Lead_Time,Inventory_Levels,Order_Frequency,Delivery_Performance,Cost_Per_Unit
Supplier_Lead_Time,1,0.251872358,-0.877591247,-0.882056517,0.94138668
Inventory_Levels,0.251872358,1,-0.253674673,-0.310930598,0.283224198
Order_Frequency,-0.877591247,-0.253674673,1,0.78861158,-0.804781929
Delivery_Performance,-0.882056517,-0.310930598,0.78861158,1,-0.885194308
Cost_Per_Unit,0.94138668,0.283224198,-0.804781929,-0.885194308,1