,Column 1,Column 2,Column 3,Column 4,Column 5
Column 1,1,0.251872358,-0.877591247,-0.882056517,0.94138668
Column 2,0.251872358,1,-0.253674673,-0.310930598,0.283224198
Column 3,-0.877591247,-0.253674673,1,0.78861158,-0.804781929
Column 4,-0.882056517,-0.310930598,0.78861158,1,-0.885194308
Column 5,0.94138668,0.283224198,-0.804781929,-0.885194308,1